painting_id,artist,artist_code,birth_year,dimensions,mean_R,mean_G,mean_B,std_R,std_G,std_B,dominant_color_0_R,dominant_color_1_R,dominant_color_2_R,dominant_color_0_G,dominant_color_1_G,dominant_color_2_G,dominant_color_0_B,dominant_color_1_B,dominant_color_2_B,color_percentage_0,color_percentage_1,color_percentage_2,texture_contrast,texture_dissimilarity,texture_homogeneity,texture_energy,texture_correlation,texture_ASM,Portrait,Landscape,Still life,Nude,Religious scene,Battle scene,Mythological figure,Cityscape,Interior,Night scene,people,figure,Animal,Plant,Building,Mountain,Abstract shape,Geometric pattern
afro_1,afro-basaldella,afro,1912,1800x1441,138.72775772997147,129.2644039632971,113.61209615236332,62.26191966653448,59.450075652167605,60.91159412728467,180.8144617815197,36.30892525587531,130.54376373983195,172.8971991646799,34.62520935130114,107.28975998547062,159.33766751965786,31.477094666397974,70.66370069934601,0.5830160382450459,0.22469195774539286,0.19229200400956126,1.9411859410907546,0.6056513062485042,0.7870533322973724,0.24262310631748985,0.9297739979179032,0.058898349653387326,0.18561133742332458,0.3511505722999573,0.1911802887916565,0.13892237842082977,0.07523486018180847,0.036708272993564606,0.17476287484169006,0.025515981018543243,0.0028390991501510143,0.03949868306517601,0.03410862013697624,0.3748958706855774,0.04291607439517975,0.07429768890142441,0.013430318795144558,0.06848427653312683,0.5611534118652344,0.01964663527905941
afro_2,afro-basaldella,afro,1912,1800x1365,75.17477004477004,110.79092836792837,128.9615816035816,69.58641459698606,60.21756993975135,61.83728773539158,58.09996384749955,28.131245735973934,199.3355327151202,121.7221549357737,53.796627606418376,203.6457608185168,163.44107440011754,66.74716030041509,189.26788902356265,0.379969067969068,0.4117956857956858,0.20823524623524622,0.4318838791536492,0.3245728931578987,0.8475649882533414,0.23313201421356328,0.9849041457000407,0.05445377528891664,0.2767484188079834,0.6708278656005859,0.22138887643814087,0.05365545675158501,0.01678912341594696,0.07839477807283401,0.07519097626209259,0.02700899727642536,0.005165308713912964,0.17946159839630127,0.029620250687003136,0.2944275438785553,0.06452496349811554,0.040844663977622986,0.01696535013616085,0.07098257541656494,0.6473940014839172,0.11867192387580872
afro_3,afro-basaldella,afro,1912,1800x1298,125.20164398219482,122.69357644239,105.48437938709125,21.137200171161645,18.76940519313373,20.60387330247389,140.13301147752128,100.07933547915806,107.26513240751768,134.0551514922403,91.71058665910793,118.7329505516287,112.63236693882705,72.49982963371303,114.00686751747196,0.5855598356445814,0.18533427495291901,0.22910588940249957,0.2226073877679318,0.21903290935679662,0.8908400997285212,0.430541853790126,0.9210968942138207,0.18539290787861487,0.03921106830239296,0.08092989772558212,0.4152187407016754,0.031456109136343,0.04856092482805252,0.12456909567117691,0.14471368491649628,0.003476950107142329,0.00627082260325551,0.051126763224601746,0.06326037645339966,0.20985664427280426,0.025206567719578743,0.10720610618591309,0.008807758800685406,0.1072944775223732,0.26102641224861145,0.09449779242277145
afro_4,afro-basaldella,afro,1912,1800x1609,149.29523479041504,73.9098843311926,71.03921621434984,34.24615742439659,52.959086569612076,46.083910438327344,128.31730228278724,163.08591773040357,176.06389492060177,26.817453911259847,91.85507086385279,155.34894891042728,31.518347710238793,82.46584642999511,145.34478042654388,0.4705134313928596,0.3288419308058836,0.20064463780125683,0.33800113902000783,0.31519481639878266,0.8446821407421066,0.26695708007969093,0.9759614480356363,0.07127526300630993,0.18092183768749237,0.09030558168888092,0.3579559922218323,0.04812236875295639,0.017813069745898247,0.13036859035491943,0.04853499308228493,0.004448129795491695,0.005613347049802542,0.11703095585107803,0.20592360198497772,0.43576160073280334,0.07709329575300217,0.1064443364739418,0.01477594580501318,0.09418563544750214,0.48392847180366516,0.5442942976951599
afro_5,afro-basaldella,afro,1912,1800x895,104.19312849162012,97.75881315952824,89.27620484171322,33.789919306812614,28.359871133919555,24.545030106724024,112.42038827696145,63.54203211738513,141.54054533075563,103.72595768826893,63.74110433640462,130.41477924645045,91.16669946291529,64.26617207799806,117.10190203439134,0.4058876474239603,0.32646927374301676,0.26764307883302296,0.41499679587958815,0.3400373746493203,0.8369648279368624,0.2970460736497662,0.9378968535220016,0.08825993774712418,0.033043619245290756,0.20451287925243378,0.2950105369091034,0.043853823095560074,0.12067228555679321,0.07179885357618332,0.06313084065914154,0.018018780276179314,0.019619056954979897,0.16767702996730804,0.011841412633657455,0.36698809266090393,0.0063797952607274055,0.02757066860795021,0.03232107311487198,0.017554638907313347,0.5741485953330994,0.2539191246032715
afro_6,afro-basaldella,afro,1912,1800x1407,137.93711600726527,104.05540116875937,52.58000908157624,28.49569635938414,24.94198769992071,20.086816406547772,143.48534463592318,87.318759906096,177.76162958037648,107.11583576677569,62.1693550100452,144.21392948078847,48.89861202428205,35.8539774877017,91.69523690922964,0.6714893785043039,0.18585129906025427,0.14265932243544183,0.16426012255546546,0.14928194270531175,0.9267117922023596,0.43228623906698627,0.967915316564933,0.18690653556781414,0.03584316372871399,0.05066288262605667,0.3168504238128662,0.01907414011657238,0.025988981127738953,0.03358950838446617,0.06448686122894287,0.0014960782136768103,0.00877284538000822,0.052712805569171906,0.016287250444293022,0.23524248600006104,0.0018960344605147839,0.025255447253584862,0.0048860469833016396,0.012161185033619404,0.7950661182403564,0.10808983445167542
afro_7,afro-basaldella,afro,1912,887x1800,133.53160904421895,104.32647125140925,60.862209695603156,63.927423170994544,64.10382372342978,52.05741865436627,163.36960776443328,75.95333162878069,217.2128741303486,120.38550755482501,49.86812080859743,207.0268799409389,56.78920174852748,26.035102336967334,154.31802580887359,0.35842289865965177,0.4565370161593386,0.18504008518100964,0.3107493188906007,0.23273805979985923,0.8907107732557891,0.2236563744653773,0.9892333411088252,0.05008205887455986,0.0867040753364563,0.486313134431839,0.35526415705680847,0.06865701824426651,0.18568894267082214,0.027297381311655045,0.1145874410867691,0.12660229206085205,0.03392916917800903,0.11772081255912781,0.013716639950871468,0.284381628036499,0.0108512993901968,0.018033649772405624,0.037620801478624344,0.015620104968547821,0.6476486325263977,0.06719893217086792
albers_1,josef-albers,albers,1888,1800x1327,86.60234070166625,67.46236540232772,77.18720798794273,87.19117112275298,30.35512227635649,43.14252842130328,10.727414240350171,220.62617402564865,97.66478171990447,58.15043724323406,108.5575178454614,43.94368570315867,89.5782301703168,56.63064634697689,74.03754945928289,0.4897580172485975,0.25630411119484214,0.25393787155656034,0.16512319218353086,0.13544198653526257,0.9344799773120105,0.3752025062786888,0.9863993400077296,0.1408095720634051,0.06883476674556732,0.279391348361969,0.2530706822872162,0.11398492753505707,0.01190277747809887,0.04615064337849617,0.0747472271323204,0.061236996203660965,0.009556246921420097,0.4132313132286072,0.06381255388259888,0.17036637663841248,0.03606974333524704,0.03292139992117882,0.021428171545267105,0.08601280301809311,0.5841395258903503,0.16397282481193542
albers_10,josef-albers,albers,1888,1800x1683,169.8878840694527,94.2013458110517,75.62386149072424,79.37990237811024,47.210604927773495,54.50930833028382,159.23913334404696,232.49201158391836,15.073115988666416,56.857659024064006,124.99957986071419,81.11986258959745,119.78646526277686,25.651595951962058,129.1313801444188,0.3404165841420743,0.48633326731365945,0.17325014854426618,0.28934103984192744,0.2008765234081885,0.9064381311172824,0.34247508250596626,0.9747714065987332,0.11733566938033209,0.024125635623931885,0.33116912841796875,0.22577615082263947,0.020310474559664726,0.007226634304970503,0.030300404876470566,0.01610483042895794,0.022385412827134132,0.00572232436388731,0.051635339856147766,0.03959048166871071,0.07698015123605728,0.013580729253590107,0.01846921257674694,0.010581005364656448,0.08087200671434402,0.795671284198761,0.18540097773075104
albers_11,josef-albers,albers,1888,1711x1800,84.35358367426456,83.8838379115527,81.33431002013118,26.74934568652594,27.92744198486888,31.842466510323952,87.71328408410962,123.87401380444302,61.07636440375474,86.79418588158411,125.83127654298025,59.67873111453654,84.39709731254115,129.5145195198647,53.746881447384,0.33427008247288786,0.22884862653419052,0.4368812909929216,0.4140352940591645,0.3415405199602021,0.835628982775262,0.3100346420412564,0.9341845311148174,0.0961970535091341,0.05920051038265228,0.06581629067659378,0.34541916847229004,0.21272577345371246,0.030857061967253685,0.10165305435657501,0.05675329267978668,0.03638133779168129,0.003309894585981965,0.01890668459236622,0.07526355236768723,0.20603519678115845,0.071011982858181,0.0687536969780922,0.02005133219063282,0.10476470738649368,0.7643221616744995,0.08059398829936981
albers_12,josef-albers,albers,1888,1800x1113,107.91271538384746,129.39009783368274,117.3526489967056,74.96704430808016,44.67501984784635,72.70610065009792,123.41261666021217,13.052298514974296,183.90929224614803,175.72929686111,69.1085021983937,140.84118456162037,206.59787098887483,31.385148058788474,110.29763022330553,0.3392991913746631,0.32465808126185486,0.33604272736348206,0.1563118114354925,0.11201399578123328,0.9473331947082305,0.4366118070422688,0.9928372621601039,0.19065471361867448,0.044219352304935455,0.1448996663093567,0.09112408012151718,0.08807429671287537,0.03534573316574097,0.08720116317272186,0.0268409326672554,0.02250642515718937,0.015068183653056622,0.034354835748672485,0.05951021984219551,0.10865502059459686,0.02605234645307064,0.5410459041595459,0.06520292907953262,0.14891643822193146,0.4358177185058594,0.8541460633277893
albers_13,josef-albers,albers,1888,1571x1800,176.41149763066696,130.48313529952614,82.91779899568569,37.370058921045725,50.46359043772524,75.47133285344519,186.4924016205169,150.25536936673058,192.37371694183298,114.52732610678359,184.05860208549075,89.08940294103681,7.84649391993068,178.24465015294928,95.79126803881748,0.4438934861022703,0.31701110403847516,0.23909540985925454,0.43200054303308244,0.2863216880714212,0.867879354237838,0.2970417867044399,0.9473181041610178,0.08829777692458296,0.09556882828474045,0.1323613077402115,0.2290220707654953,0.032611723989248276,0.00939249899238348,0.029197145253419876,0.010846124030649662,0.0286824032664299,0.02491612546145916,0.009621567092835903,0.03019597753882408,0.15070514380931854,0.007649814244359732,0.06530504673719406,0.10390757769346237,0.035458482801914215,0.7356969118118286,0.7232293486595154
albers_14,josef-albers,albers,1888,1698x1800,72.70464402565109,88.14259161104567,120.0380418138987,56.70008495909305,61.723157528944256,73.61693946117487,49.19524299383946,125.66503899472036,10.958364117999679,34.84200937578236,154.73366299458948,37.50366235808168,27.96323404488149,196.00603740187591,97.82950070078137,0.298630087684858,0.4387400209396676,0.26262989137547443,0.5884119414692088,0.3473337313084046,0.8454700717699181,0.3506997469150087,0.9790963158153663,0.12304513759867305,0.05574876070022583,0.5845376253128052,0.21125367283821106,0.11371587961912155,0.0137643963098526,0.06451379507780075,0.031461670994758606,0.020290156826376915,0.037638746201992035,0.032661352306604385,0.05794208124279976,0.28830277919769287,0.03604625165462494,0.0912037119269371,0.04851265624165535,0.23508326709270477,0.55426424741745,0.8065967559814453
albers_15,josef-albers,albers,1888,1800x1405,144.99191577698696,103.80061368129695,66.40271925662317,70.68585921281819,62.4000059117706,57.502446746680775,49.95383742890567,233.82605884829434,171.57284051797362,126.01707300642018,188.38334386709084,56.59495370799703,64.34550603201811,173.90279206391497,25.897291606425384,0.31655278766310796,0.19143930407275603,0.49200790826413604,0.9173294853924535,0.34555523585749104,0.8629644666595897,0.29700723724075206,0.9533703880507742,0.08827694351720075,0.03810657560825348,0.20054659247398376,0.11689864099025726,0.05925608053803444,0.011575601063668728,0.029997026547789574,0.02964453585445881,0.020476654171943665,0.027638517320156097,0.009647205471992493,0.027334069833159447,0.16076074540615082,0.01089377049356699,0.08213946968317032,0.032572902739048004,0.05127042159438133,0.4197632670402527,0.6928917169570923
albers_16,josef-albers,albers,1888,1800x1263,205.7419882114894,99.67862892583796,6.054039324359989,44.058647520980095,24.558037928786636,24.530974562822188,217.39172559587632,44.12107496059326,204.553843083677,102.87578686496136,25.42101956435799,167.29937215047647,0.9514472392239526,17.31511781871879,141.84174815410773,0.906231635435911,0.06511128705903052,0.0286570775050585,0.35528686674516563,0.1507987620332788,0.941403505468428,0.5798890688408318,0.9387331804575945,0.33632075379296905,0.00927804410457611,0.010003145784139633,0.07021963596343994,0.030148081481456757,0.0012058151187375188,0.02104237675666809,0.0019997283816337585,0.018615083768963814,0.007527789566665888,0.0072258166037499905,0.008420583792030811,0.03267640992999077,0.0055902209132909775,0.014232744462788105,0.03269660845398903,0.001974581042304635,0.5637017488479614,0.5783244967460632
albers_17,josef-albers,albers,1888,1800x1569,151.62293746901778,150.81792011897176,150.06800722328447,92.15019798160023,90.93713330319183,89.88113088951306,214.4264401360807,9.495350236312504,40.63397134237145,212.72589253547295,10.074682070943737,42.83654227755419,211.1781959249929,10.053134897452281,45.886075994194385,0.678381842645705,0.22154025918844275,0.10007789816585227,0.3118458500355995,0.1327388095773649,0.9470725193920053,0.5493639251394561,0.9951599243235785,0.30180474050669565,0.045451391488313675,0.0316631980240345,0.04271480813622475,0.08610496670007706,0.03641162067651749,0.0896909236907959,0.02691883221268654,0.0338134765625,0.004295999184250832,0.3227837383747101,0.07492170482873917,0.10333046317100525,0.0798724815249443,0.04183077812194824,0.02069701813161373,0.05720949172973633,0.7444466352462769,0.34747517108917236
albers_18,josef-albers,albers,1888,1800x1363,47.5709448112823,60.21316907149262,59.72933072470857,23.501003931583913,20.81828112562339,19.223415190741097,49.814259173788145,207.37770433349607,41.13601638968941,65.1290848645415,195.7671935813681,52.83080069689692,66.72853657420322,175.72868604726827,51.628771048547655,0.38240115757723975,0.018743376538681016,0.5988554658840792,0.36147515308959643,0.10635027807011879,0.9632256426158319,0.7064795948618663,0.9026584579282291,0.4991278384216394,0.04055531322956085,0.03321050852537155,0.07929795980453491,0.010074895806610584,0.006438715849071741,0.0170651376247406,0.013622027821838856,0.01881279982626438,0.00200319173745811,0.027334846556186676,0.017676664516329765,0.15939660370349884,0.012905345298349857,0.04825515300035477,0.023487377911806107,0.02495487406849861,0.7460521459579468,0.5479322075843811
albers_19,josef-albers,albers,1888,1800x1170,92.68548385565052,65.82864292497626,61.98913865147198,20.004644434941262,42.06032393465264,42.680997702159864,78.99763120923461,94.45226500647979,122.04423041965731,79.54015657489434,11.719637832253724,121.2000996647258,76.43215134567401,6.728422295624732,117.50426173588015,0.4719667616334283,0.3256718898385565,0.20236134852801518,0.083166482772543,0.08003259059826583,0.9602937188835287,0.35679034116898367,0.9903516310177455,0.127321927590115,0.07360399514436722,0.09191285818815231,0.19676198065280914,0.15977142751216888,0.08860213309526443,0.05578380823135376,0.03304196149110794,0.05648530274629593,0.006308556068688631,0.03175030276179314,0.06162075698375702,0.20739541947841644,0.07028578221797943,0.06061777099967003,0.09621119499206543,0.05811790004372597,0.6198968887329102,0.3364749550819397
albers_2,josef-albers,albers,1888,1800x1800,182.11156913580248,178.2350962962963,146.46611975308642,19.232990316732398,14.564775052252681,62.052049500483506,210.09473639991484,189.48152846506278,164.44057164196963,183.43629542077477,189.26532032869073,165.22229140266268,4.1945166094911315,182.10162781176837,162.6888645535523,0.15432746913580248,0.4235484567901235,0.4221240740740741,0.3779065316088938,0.3372404907574116,0.8353880846070559,0.40906889665885104,0.7833095888349675,0.1687401285920762,0.02843288704752922,0.2206372767686844,0.17685607075691223,0.07053574919700623,0.013111048378050327,0.010876927524805069,0.00806999858468771,0.01978977769613266,0.0045035951770842075,0.013507514260709286,0.021775618195533752,0.11086422204971313,0.007650831248611212,0.041116856038570404,0.00990445725619793,0.059033967554569244,0.8008697032928467,0.08378037065267563
albers_3,josef-albers,albers,1888,1800x1352,6.428050624589086,6.350439677843524,6.217658612754766,35.53651546786437,34.858419441694686,34.010185786912245,0.3740802809422199,122.50907599584137,236.40319348783652,0.40592386729440655,121.09903355797728,231.71918179912615,0.4306243210258245,116.81658999325602,226.2654769358674,0.9687816403681788,0.011524079552925707,0.019694280078895465,0.8708012732880913,0.12813509861499717,0.9747636679176326,0.9598937710472493,0.901624551669667,0.9213969284101459,0.0008705930667929351,0.000996813760139048,0.0023778376635164022,0.0013936416944488883,0.0002454651112202555,0.0015831748023629189,0.0024106164928525686,0.0008155767573043704,2.4209628463722765e-05,0.0012024006573483348,0.0014112561475485563,0.014043908566236496,0.002226680750027299,0.002730409149080515,0.003948322031646967,0.00421415688470006,0.35828685760498047,0.6012181639671326
albers_4,josef-albers,albers,1888,1800x1774,194.29665194788927,68.83508204935488,101.58920299386196,62.38864440917051,14.844764052761121,35.24648168413225,238.93216805452806,144.42310208597917,82.40435191054337,71.5026913481001,50.89574988937578,80.97205021755519,124.78971133613364,42.67310208613051,84.94883925886369,0.6340448452962545,0.20391613428535638,0.16203902041838908,0.2770186437287746,0.2100564734109672,0.9001827143068455,0.4015066807729143,0.9454783317311617,0.16128422740670567,0.04108491912484169,0.1526862382888794,0.20705312490463257,0.031525302678346634,0.0070448387414216995,0.0863461121916771,0.017893195152282715,0.015562953427433968,0.026133228093385696,0.045142147690057755,0.022541144862771034,0.16474908590316772,0.016391979530453682,0.06803136318922043,0.01787046529352665,0.10073098540306091,0.7761019468307495,0.24308836460113525
albers_5,josef-albers,albers,1888,1800x1783,60.213236742070166,132.7064996572568,130.1466124509254,29.672480188602155,58.344368975584125,68.22741770228518,3.3594454914089127,78.47872103580681,49.45506535708813,3.5711141448672095,164.0068056184269,138.8339621575018,3.4997397622709343,178.87382380707754,82.06288439882178,0.16223499719573753,0.6283320869944538,0.2094329158098087,0.22112224944572426,0.14782132053769242,0.9312135667527651,0.4132039855629985,0.9880989916283982,0.17078215544750724,0.08736773580312729,0.35067689418792725,0.29026058316230774,0.040466319769620895,0.029846588149666786,0.06151050329208374,0.028160955756902695,0.047234270721673965,0.035455573350191116,0.27106842398643494,0.0961790606379509,0.14163881540298462,0.03787845000624657,0.18322430551052094,0.026262430474162102,0.06535876542329788,0.8592220544815063,0.07978234440088272
albers_6,josef-albers,albers,1888,1800x1797,53.7371798676807,147.4409571508069,131.53265906139862,38.45839999566713,37.198994843133995,48.046757984163605,26.96763320008742,65.85099256821405,166.8774063519133,116.97547348243309,169.44558688540056,190.14638707610035,94.72611726678178,169.72917404547164,61.53693162085443,0.4376296914610771,0.5134375193223273,0.04893278921659556,0.3329460893096,0.2713164976896908,0.8697374181088148,0.28708564257684577,0.9654202883561265,0.08247106400527024,0.03940369188785553,0.5188053846359253,0.3396463096141815,0.028873059898614883,0.0096255699172616,0.06092589721083641,0.050137877464294434,0.013828912749886513,0.016419636085629463,0.05060466378927231,0.10879009962081909,0.1608809381723404,0.047677066177129745,0.5938706994056702,0.04406575486063957,0.12442852556705475,0.7054473161697388,0.23810455203056335
albers_7,josef-albers,albers,1888,1542x1800,116.31104373829082,110.24412307248883,108.18144833549503,64.05953702117388,62.98008828260747,64.09126329558346,39.821052277099184,185.8212935632323,140.74383720382164,36.208646934892315,181.83827912615524,129.9782884003647,34.512149721206484,183.97651172555044,123.68514442891109,0.37494307537109095,0.2970453235336504,0.3280116010952587,1.4030555679129864,0.4648146080705357,0.8313482010512538,0.2517846055909654,0.9554433167014874,0.06342889003255874,0.05226011574268341,0.2069656401872635,0.24770544469356537,0.11243534833192825,0.04486888647079468,0.11589061468839645,0.01228644885122776,0.19185024499893188,0.11620483547449112,0.17113414406776428,0.042300060391426086,0.15104267001152039,0.039052460342645645,0.04572867602109909,0.2114909142255783,0.16140934824943542,0.4537021517753601,0.6877433061599731
albers_8,josef-albers,albers,1888,1675x1800,8.00991575456053,8.135835489220565,8.179576782752902,36.96575394081275,36.0920361822374,35.81190902798257,0.8212306672493135,217.97794743507606,93.401926243584,0.9653889184294453,208.97861803922163,106.06887374102047,1.0512575766131222,205.7498645895644,108.6440853214496,0.9569923714759536,0.02569485903814262,0.017312769485903816,1.2263510943752607,0.19426686877488222,0.9579875601777991,0.937414631789134,0.8705362291319524,0.878748778113476,0.0005363696254789829,0.004393541719764471,0.0013002874329686165,0.0014543791767209768,0.0003222835366614163,0.007992634549736977,0.0003876707633025944,0.005749505013227463,6.0368231061147526e-05,0.011304793879389763,0.002159121911972761,0.006941552739590406,0.0022808918729424477,0.0024346932768821716,0.001812667935155332,0.012554935179650784,0.353738397359848,0.5845758318901062
albers_9,josef-albers,albers,1888,1726x1800,7.089695184756019,7.472886249517188,7.4646819878975155,34.5921403620099,34.73169250383761,34.6494695555532,0.7011157889951907,232.4564503121827,19.45551089707488,0.8455190082235049,232.91726156703135,22.72125446109215,0.8274941490234786,232.24576600260045,23.02488219392898,0.9041309385863268,0.021552079309900864,0.07431698210377237,1.778270932794622,0.17900339974051943,0.9747705032068809,0.9221214065677515,0.7918333252492127,0.8503105310053506,0.0006356291705742478,0.005992716643959284,0.00232335040345788,0.0012771234614774585,0.0005190200172364712,0.0063416422344744205,0.0014964385190978646,0.0034290424082428217,8.524282748112455e-05,0.008647603914141655,0.003186230780556798,0.009316731244325638,0.0038336783181875944,0.013495706021785736,0.004226588178426027,0.007366332225501537,0.19231462478637695,0.7355122566223145
amiet_1,cuno-amiet,amiet,1868,1800x1782,86.93135927172965,138.46923961840628,103.2886488340192,52.69683172126374,37.535694185660944,36.63166522577585,104.49246294908853,44.13093774983209,195.47611277790236,166.79705687481183,109.88888139643475,139.94648045290083,124.62489590972557,80.99256590863394,107.70371552492418,0.44688489836637985,0.4488655069210625,0.10424959471255768,2.841115074536513,1.0276144216419307,0.6256336838805331,0.18334140787543984,0.7317723051968835,0.033655853885345664,0.008704417385160923,0.37680813670158386,0.19139769673347473,0.010838981717824936,0.0498204343020916,0.1542384773492813,0.041221216320991516,0.0132438400760293,0.014972898177802563,0.351460337638855,0.04506997391581535,0.12451160699129105,0.004536378663033247,0.050161026418209076,0.010604968294501305,0.032701969146728516,0.056617531925439835,0.025926468893885612
amiet_2,cuno-amiet,amiet,1868,1697x1800,67.38021377594448,104.55481961631638,72.0619135074969,65.43790942780878,38.63649190374977,37.73342455225335,102.22241454590163,13.711539113560015,158.9944612096932,109.09780736597054,82.64976555459711,151.56507332187095,44.31420308544546,79.08265528088427,83.12233997912266,0.22893373927846528,0.5418598179794408,0.2292064427420939,0.9906519444827853,0.48302504259560136,0.7982287369464224,0.23517197785898447,0.9200633100322461,0.05535118243609569,0.05025940388441086,0.692685604095459,0.3458985388278961,0.07496573030948639,0.03020257130265236,0.041453711688518524,0.1310655027627945,0.00409373315051198,0.003383528906852007,0.43417710065841675,0.019684074446558952,0.12555857002735138,0.08937890082597733,0.11565010994672775,0.004673049319535494,0.07332941144704819,0.6690394282341003,0.025168821215629578
amiet_3,cuno-amiet,amiet,1868,1668x1800,98.41288002930989,115.74253164135358,96.84789002131627,52.313447607637364,46.22928694130586,46.1017830622876,105.67240560274587,192.2750125343543,51.16087372637247,128.0502719949622,184.3318284475112,72.20407704224536,102.38831293666689,174.56597168259816,58.32839108294292,0.4776665334399147,0.1496925792699174,0.37264088729016787,4.140764110477995,1.2607400998785376,0.5764329289054868,0.15174244655164854,0.7495768560580885,0.023070798196284794,0.01630561240017414,0.48955363035202026,0.06567707657814026,0.010868745855987072,0.01261916197836399,0.04730981960892677,0.03185369819402695,0.0056419274769723415,0.0038498849608004093,0.270356148481369,0.024190811440348625,0.08464942127466202,0.008954707533121109,0.14209149777889252,0.02062530256807804,0.7846750617027283,0.6030182242393494,0.09069430083036423
amiet_4,cuno-amiet,amiet,1868,1800x1791,91.8798464544947,123.6160056455115,131.10694304857623,79.79497501829276,49.27442316191763,53.85970407337639,37.89533614968629,192.51584183448287,189.52727969600085,100.67287878272784,194.98513882125928,128.90693983953653,134.4217245145685,182.55347564920902,52.153040958006144,0.64749736336001,0.1971359885848998,0.15536664805509026,3.1512833488150624,1.0837018942173458,0.6101630386100735,0.16406821284733886,0.8458300726887625,0.0269571468934139,0.0292500052601099,0.4899498522281647,0.991910994052887,0.04626045748591423,0.03510589897632599,0.019314855337142944,0.15185296535491943,0.03474761173129082,0.0037362228613346815,0.04588455334305763,0.026164183393120766,0.22863994538784027,0.0033038584515452385,0.02833729237318039,0.008486202917993069,0.04056683927774429,0.3735886812210083,0.10492007434368134
amiet_5,cuno-amiet,amiet,1868,1648x1800,146.70132247842503,136.73914138349514,128.68097626752967,57.62564927437389,56.70248061502796,37.07868124363859,56.766878702873285,194.87420457290514,128.57487388442343,59.43215586164024,187.3648262293225,107.82052731176553,92.5683625406435,145.13412915261083,125.58502216821812,0.19073422330097087,0.47836637001078747,0.33089940668824164,2.1211814456483546,0.9021351230611022,0.6479404067004972,0.16600515760840526,0.8975235200078997,0.027623326882544777,0.7462628483772278,0.1755283921957016,0.49015581607818604,0.044166725128889084,0.030747417360544205,0.02548637054860592,0.12695704400539398,0.005328322760760784,0.009057578630745411,0.06407676637172699,0.02498588152229786,0.2830669581890106,0.02067028172314167,0.06802091747522354,0.005252703092992306,0.06492792814970016,0.668181300163269,0.1926301121711731
amiet_6,cuno-amiet,amiet,1868,1671x1800,175.52353314715074,115.04627468581688,128.39647416716537,41.941699687790866,47.40636963529545,55.07265149312769,126.22738241559722,221.57953528511268,181.10388377141498,63.91816437573621,177.01032903844217,113.97700941300059,59.353194783635246,192.33177366567753,136.48746933377302,0.27485138639537204,0.2371138373562072,0.4880347762484208,6.276490894654451,1.5736570881409513,0.5221822829377232,0.1437283366600093,0.6055419671785451,0.020696290018783984,0.52379310131073,0.05665413290262222,0.04447690397500992,0.003121464978903532,0.04964546486735344,0.02599957026541233,0.09342461824417114,0.0006759943789802492,0.0009344163700006902,0.0037739912513643503,0.01571916602551937,0.13325659930706024,0.004849164746701717,0.020304525271058083,0.003755534067749977,0.007425057236105204,0.705021321773529,0.08321665227413177
amiet_7,cuno-amiet,amiet,1868,1800x1474,153.1034286898839,156.90220601537766,156.526056837027,69.3462281176679,56.8511883359949,64.37547100111077,186.41407000008763,202.82927530778372,70.77545605904781,158.44213596902352,210.7843146498593,93.3064904374908,115.21874672770933,218.68557247047127,115.09619017203039,0.25563055932458917,0.3988082315694256,0.3455612091059852,4.550361843263684,1.333178537587164,0.5639686415403394,0.13852504362868445,0.8255788427479472,0.019232807537089457,0.019602715969085693,0.9471337199211121,0.12558579444885254,0.05018166825175285,0.0387873649597168,0.23756442964076996,0.12441173195838928,0.02609056979417801,0.010818473063409328,0.036446355283260345,0.05526939779520035,0.17908242344856262,0.013685538433492184,0.05191504955291748,0.01284415740519762,0.15363259613513947,0.5819929838180542,0.059157248586416245
amiet_8,cuno-amiet,amiet,1868,1800x1450,82.38157126436782,86.56048314176245,79.41574252873563,75.92003313062763,60.58877004197134,58.99349205218149,181.71527260002426,17.807690886899692,113.73036103995277,172.57459341794748,39.54186846180419,96.77054254927927,157.45387248532845,39.65967023885328,83.15383296284794,0.24186015325670498,0.4967582375478927,0.2613816091954023,6.3729988019165,1.6302156694599752,0.5045078699724836,0.136287860752882,0.785830970666564,0.018607085380718865,0.7304136753082275,0.12950852513313293,0.10439406335353851,0.04232213273644447,0.03425077721476555,0.03135896474123001,0.23002783954143524,0.13316091895103455,0.0025204280391335487,0.12849803268909454,0.04475383087992668,0.2330910563468933,0.011325099505484104,0.06109175831079483,0.01286463811993599,0.053695838898420334,0.568193793296814,0.283487468957901
amiet_9,cuno-amiet,amiet,1868,1800x1347,159.83824094696033,161.64445640518022,164.0557733234348,30.661249326136254,28.924208447573815,27.17991542440079,157.46500323213908,193.73878654994385,121.62348238708658,159.28629655941097,193.96481887397198,125.34501381993488,163.29424464884391,193.07304754469212,129.56428333064562,0.38541945063103195,0.3377258104429597,0.2768547389260084,0.44670016489120423,0.35940153477431314,0.8281947636667637,0.28125891591736796,0.9340098157955526,0.07916319992990614,0.09278696775436401,0.8007189631462097,0.11241956055164337,0.17793765664100647,0.04117577150464058,0.17415888607501984,0.04858052730560303,0.015272481366991997,0.011389803141355515,0.0962827056646347,0.12695765495300293,0.5097611546516418,0.07831411808729172,0.1312054842710495,0.02541694976389408,0.17951108515262604,0.12319032102823257,0.029150905087590218
appel_1,karel-appel,appel,1921,1800x1055,117.6702111637704,102.163186940495,78.25956819378621,55.012181256605594,47.05054692699311,46.38860485252114,57.40222390639314,162.89076572209015,157.7984262053494,60.962940771903384,152.90101314603783,95.49027522934344,56.02724876573346,130.64334583126373,31.64097284639638,0.4187735650342285,0.36792206424433915,0.21330437072143232,0.7286543237027747,0.3828195451636287,0.8379863960962595,0.26480056991275835,0.9548485262596542,0.07016413849055436,0.18224677443504333,0.4374768137931824,0.29661688208580017,0.06741838902235031,0.04448118060827255,0.2640974521636963,0.2280506044626236,0.03587810695171356,0.0045484271831810474,0.10419539362192154,0.020853957161307335,0.36351895332336426,0.0423651747405529,0.07385468482971191,0.00666921678930521,0.36470162868499756,0.7896939516067505,0.07519795000553131
appel_10,karel-appel,appel,1921,1002x1800,105.74242459525394,83.09572355289421,72.56767742293191,61.697766433648155,58.23836506985206,59.42488105784844,143.2218737124033,59.67204627407057,179.6498811449855,143.1725919077955,35.696031131568425,116.31439005062299,148.88340620843297,38.20039075165505,31.46005098688976,0.3200587713461965,0.5190297183410956,0.16091151031270792,1.009100002771391,0.5509890236474158,0.766865091491451,0.1952137279581677,0.9565448738345061,0.038212531907137845,0.06876619160175323,0.06974604725837708,0.5445647835731506,0.05342335253953934,0.05938148871064186,0.09204235672950745,0.3739968538284302,0.030127041041851044,0.016011174768209457,0.11836874485015869,0.014217635616660118,0.3448854088783264,0.04467473179101944,0.08034253865480423,0.059488799422979355,0.010742724873125553,0.5224560499191284,0.08350392431020737
appel_11,karel-appel,appel,1921,1197x1800,78.27358674463937,70.45588879606423,56.33629072681704,66.74448503633876,58.92238520084941,48.658577866795405,91.08534095275932,176.9612717192894,19.95839186720338,80.10753439671933,158.41977939931311,19.474615802403214,59.91323041710364,126.86952277829243,17.80488669695493,0.2708985426529286,0.24845771836999908,0.4806437389770723,0.7345988164835685,0.4012446720224602,0.828610231620208,0.27249896739296864,0.9735805982178721,0.07429418946112384,0.17508146166801453,0.12494503706693649,0.3220382332801819,0.1267179548740387,0.05658286437392235,0.030428137630224228,0.29062727093696594,0.00544872647151351,0.003308452432975173,0.04753020405769348,0.01992039382457733,0.38152745366096497,0.11715833097696304,0.023887064307928085,0.01527713518589735,0.6369134187698364,0.4010981619358063,0.05583181977272034
appel_12,karel-appel,appel,1921,1800x1392,142.00221344189018,108.5685620210728,72.1719536238825,101.41498697992101,82.14034593528623,69.39930050061886,37.74840562296177,247.75965146630938,114.38736606777627,46.55937979362485,142.2012989346651,185.0177457567052,69.7384421463031,26.55611054888815,224.09607283787457,0.4144632024265645,0.44521511813537673,0.14032167943805876,0.32491785087058705,0.2301672785756902,0.8928848863038787,0.3222322389039593,0.9912959746559789,0.10384565557252094,0.02212141454219818,0.03970868140459061,0.07680197805166245,0.006333697121590376,0.009104604832828045,0.014679971151053905,0.1551424115896225,0.0021776568610221148,0.0007656494271941483,0.02336481586098671,0.022172316908836365,0.20337314903736115,0.028625477105379105,0.024562181904911995,0.0028110595885664225,0.03826708719134331,0.8570030331611633,0.06105984374880791
appel_13,karel-appel,appel,1921,1800x1352,90.04891847468771,80.56316280407627,71.6488276627219,72.02059097549528,65.52950971827885,62.60348048990847,133.42477231851544,24.52959999302935,180.35456617011795,99.59494333536804,24.391695004028428,174.875541249818,73.76488034365369,23.419290718626137,165.8607144404566,0.2372855029585799,0.508237590401052,0.2544769066403682,0.7756563767238226,0.39711607266346916,0.8351369127399795,0.3086398077259004,0.977148872528506,0.09527339774481078,0.11854559928178787,0.10378742218017578,0.3089008927345276,0.018723586574196815,0.0776427835226059,0.07866448163986206,0.29061004519462585,0.028170723468065262,0.011083063669502735,0.07264740020036697,0.06802316755056381,0.20709297060966492,0.33933356404304504,0.03631065785884857,0.015816455706954002,0.027509089559316635,0.4941123127937317,0.028997091576457024
appel_14,karel-appel,appel,1921,1325x1800,106.80964570230609,85.16444528301886,62.510625576519914,55.16590058597737,51.13599761103116,41.46802612953465,144.26620266007552,60.011412585698395,176.0969401667101,87.9909316213277,56.192324221129994,175.06508684743125,39.80330188786918,55.39922561630489,138.59810610919072,0.34745157232704404,0.5015446540880503,0.15100377358490566,0.7395154413632258,0.43189041390790106,0.8106609107005154,0.24459022555306528,0.951555697713617,0.05990882619776291,0.03963256627321243,0.823338508605957,0.20816288888454437,0.03789113089442253,0.06428808718919754,0.14142011106014252,0.11270515620708466,0.011179476976394653,0.0033843647688627243,0.2594236731529236,0.07700947672128677,0.15596018731594086,0.09489379823207855,0.1853412389755249,0.006283738184720278,0.053161539137363434,0.5795129537582397,0.05609269067645073
appel_2,karel-appel,appel,1921,1198x1800,121.35593860137266,78.55112409571508,59.47014283064367,67.56346415298918,55.13061673465671,54.49328082629368,48.51763407947384,168.93907205434022,182.77823426816025,42.46076639197953,67.65241319815495,165.58039837251744,36.262737808164175,32.035016800278335,148.96610345031448,0.42026850306065666,0.36016230754961975,0.2195691893897236,0.5083902324758645,0.326169187623589,0.8535457279222365,0.2609907665078818,0.9765935718785619,0.06818290309235232,0.2472628951072693,0.07090773433446884,0.5307438373565674,0.007017754018306732,0.05932631343603134,0.5181231498718262,0.2539689540863037,0.07147940993309021,0.008915345184504986,0.07185086607933044,0.04698813706636429,0.42961886525154114,0.08901453763246536,0.04652436822652817,0.06610197573900223,0.012151003815233707,0.6343693733215332,0.2831541895866394
appel_3,karel-appel,appel,1921,1411x1800,61.13529529884243,58.572962044255455,56.647949444838176,58.738955086438374,56.378870745142756,53.87078251559667,97.06160048107517,28.079436100598784,182.52486933558993,92.64860464616999,26.389771003325407,177.9387004340432,90.58358983490506,26.152834747408914,167.59665707635628,0.17658240806362704,0.6887558075439011,0.13466178439247184,1.234114133421462,0.5823821018312804,0.7661209069130306,0.28184538678173415,0.9505345448436209,0.07952494283263489,0.05367237329483032,0.23468048870563507,0.2209797352552414,0.019698409363627434,0.03410578519105911,0.05420500040054321,0.3918743133544922,0.010659518651664257,0.0011735035805031657,0.050071991980075836,0.03783261403441429,0.1643984019756317,0.04914381727576256,0.0256216861307621,0.008022639900445938,0.06039095297455788,0.17066755890846252,0.004918486811220646
appel_4,karel-appel,appel,1921,1800x1369,129.06985877769662,91.40875902929957,70.1526609041474,83.81864165432845,75.71466290265573,67.79841903554606,32.78416864896275,209.6499019351881,170.58993994347986,25.13234389613423,189.3561753730308,75.33733345330297,22.94792233700184,160.38674492810537,37.18857591902511,0.3895280415550686,0.31257446635825015,0.29789749208668126,1.6672715926698805,0.6925356049722876,0.7336888165887657,0.190007393448349,0.9598212451632355,0.036142563948330236,0.097016841173172,0.1997489333152771,0.31650006771087646,0.0823812484741211,0.04678284749388695,0.3960011601448059,0.2870182991027832,0.03528618440032005,0.01871389150619507,0.39383453130722046,0.04440263658761978,0.43109652400016785,0.12098041921854019,0.033034827560186386,0.015355382114648819,0.23324748873710632,0.3906197249889374,0.012106470763683319
appel_5,karel-appel,appel,1921,1350x1800,148.68441810699588,77.3358024691358,25.370909053497943,59.3774082920174,56.28669789709466,37.943553209830355,174.28219090444938,79.50453157342,212.38536921055018,87.93153792145867,21.460245081009035,166.56430224403942,15.011236041976423,9.247195054532561,101.40867080702873,0.5304563786008231,0.32829876543209874,0.1412448559670782,0.8670494602768042,0.5404624879151043,0.7600623975988432,0.18734564713674987,0.9568137133566973,0.03519156430058218,0.01489250361919403,0.01036563515663147,0.10502540320158005,0.0006276720087043941,0.05517459660768509,0.0262688510119915,0.19517378509044647,0.002219178481027484,0.0004177745140623301,0.001539550838060677,0.01147040817886591,0.01568809151649475,0.014383192174136639,0.005083006806671619,0.0030798139050602913,0.01768052950501442,0.4475999176502228,0.07331004738807678
appel_6,karel-appel,appel,1921,1800x515,142.71741747572815,91.47481229773463,73.10559115426106,61.267132736872384,72.87607555452979,62.882906091800706,140.88262971708536,204.4080486654442,93.66050447075547,93.06621863566959,175.6120494729184,23.516493502826606,68.07817189513902,145.8873375084944,15.964357768732526,0.12425134843581445,0.3893754045307443,0.4863732470334412,0.8772868343679692,0.4271459306489419,0.8244268996699811,0.25107146995986346,0.9743374068457069,0.06310248673762117,0.13840323686599731,0.0708901584148407,0.20082557201385498,0.08222809433937073,0.05917363613843918,0.6482613682746887,0.22931739687919617,0.007705892436206341,0.005065745208412409,0.0850716307759285,0.05598025023937225,0.40669742226600647,0.11445963382720947,0.08573967963457108,0.013459081761538982,0.04565305635333061,0.11758603900671005,0.038199085742235184
appel_7,karel-appel,appel,1921,1800x1439,175.72848853370397,92.13330901088719,23.805097289784573,47.52167233093954,44.85375889714381,32.341129217379454,184.83704364378218,207.29487750936462,57.91188243799279,82.2358328004718,148.58535999132505,28.218651000791795,13.198223976170258,51.35477945297181,24.993445216890162,0.6440633927882017,0.24117326847347695,0.11476333873832137,0.5881007894779121,0.3897699375633829,0.8232344685863461,0.26236517127808157,0.9507425281865186,0.06894884354900782,0.04750239849090576,0.05345943942666054,0.12777334451675415,0.0209819208830595,0.040094904601573944,0.05847892910242081,0.07724148035049438,0.0020278485026210546,0.004019552376121283,0.0187124852091074,0.10942710191011429,0.25844112038612366,0.01521001011133194,0.050351258367300034,0.008268230594694614,0.02084776759147644,0.7402804493904114,0.10109921544790268
appel_8,karel-appel,appel,1921,1800x1277,131.51488514748107,88.46799660663012,27.599648046637082,57.0389561395574,46.268213543458195,33.62251243864404,161.4489020372467,57.62719589252737,196.23708139608925,107.48602914712868,32.20790109948842,163.6786686929433,21.457755245208606,15.042042700658024,115.74011324924105,0.5959153397720351,0.3174541024971722,0.08663055773079266,0.9520127481151304,0.530069500097145,0.7732304008700541,0.2294804459598398,0.9416899485664354,0.052745626714460356,0.05179854482412338,0.056636229157447815,0.09733833372592926,0.00203292490914464,0.020740067586302757,0.24287645518779755,0.13459886610507965,0.0024064118042588234,0.0015013569500297308,0.08970597386360168,0.022730158641934395,0.14822322130203247,0.003516413737088442,0.00293980585411191,0.0026151365600526333,0.0031774332746863365,0.1161244735121727,0.0010382154723629355
appel_9,karel-appel,appel,1921,1800x1275,121.92251851851852,91.09634640522876,62.967623093681915,64.49468422888319,53.556698949212745,43.82473616942754,185.7476968583674,48.77049582596379,143.97714697955692,155.7184355551422,46.13845562524455,77.83569025486543,101.54350499739645,42.82941935190085,46.860384716953604,0.3220222222222222,0.3734570806100218,0.304520697167756,1.2539707509085072,0.61343797681057,0.7494200064807783,0.18980748629086314,0.9392165636811906,0.03609817585004174,0.08175192028284073,0.18133816123008728,0.39484041929244995,0.04642233997583389,0.26661720871925354,0.20035050809383392,0.17035651206970215,0.014082275331020355,0.01697314716875553,0.11744818836450577,0.057666465640068054,0.21009641885757446,0.02470724657177925,0.07606271654367447,0.021753959357738495,0.05920033901929855,0.6515680551528931,0.04667821153998375
arman_1,armand-fernandez-dit-arman,arman,1928,3121x4007,134.8362305248097,126.79993150403968,105.0134384340381,49.730713101389725,50.45548148508019,54.1953526442427,136.54011576083624,190.99619580512353,57.39638813328244,125.6590476595951,188.984917139529,49.81419777724784,95.91156700503888,180.23992913197708,34.229650290696895,0.558135966320394,0.249459152986599,0.19240488069300704,0.5208519020485489,0.35686530364771546,0.8370283933704544,0.23447721186599618,0.9736317918520092,0.05503519318916955,0.11614657193422318,0.05714092776179314,0.20274287462234497,0.145407572388649,0.033664520829916,0.3979749381542206,0.08886002004146576,0.010490561835467815,0.023619508370757103,0.02207871899008751,0.04922521486878395,0.3472623825073242,0.10267756134271622,0.28402432799339294,0.08861781656742096,0.02070532739162445,0.287846177816391,0.1820433884859085
arman_2,armand-fernandez-dit-arman,arman,1928,2622x3496,133.3156665261552,113.18053791889434,80.84113881048756,57.336088662346576,59.78904973503483,62.580439610238514,208.316794966307,65.9685194845465,142.26576199324293,200.898062452158,45.1116972583563,117.38582188690972,182.47896150835567,22.706063830027276,73.57441476632431,0.20309600860174515,0.29527163658325,0.5016323548150049,0.36415062502140805,0.29660163847158466,0.8581932846996044,0.21414541234293433,0.9861283437236336,0.045924424454714036,0.06992310285568237,0.06898898631334305,0.3587721884250641,0.22745880484580994,0.15663519501686096,0.521999180316925,0.16893553733825684,0.038905076682567596,0.03991121053695679,0.0312655009329319,0.08285380154848099,0.45445284247398376,0.20876552164554596,0.11068105697631836,0.02695845253765583,0.08857043832540512,0.1307225376367569,0.08890572935342789
arman_3,armand-fernandez-dit-arman,arman,1928,3456x4608,129.6465927563577,117.67119501058947,93.92506929876383,40.04179164373804,44.948454584754586,47.53790715885399,131.96211499359765,81.48361461982819,174.47398967026095,118.91496799547878,62.829974986731045,170.6549188530732,88.24732562368781,42.666223181493926,152.9782116006427,0.41066757641702034,0.2942540675033758,0.2950783560796039,0.22344852575873314,0.20922215285716175,0.8967530634382694,0.25522460410594866,0.9848217599336964,0.06519445251891846,0.1518389731645584,0.05953101068735123,0.46979594230651855,0.5449082255363464,0.6234081387519836,0.11677085608243942,0.30939188599586487,0.027234721928834915,0.06395842134952545,0.040560316294431686,0.06353996694087982,0.539941668510437,0.6593697667121887,0.23734287917613983,0.08007641136646271,0.046403396874666214,0.20563726127147675,0.10713955760002136
arman_4,armand-fernandez-dit-arman,arman,1928,1800x1488,90.74509483273596,74.49552792712066,68.49634483273596,49.0590561806481,59.07643169132727,59.01956979261034,149.1220215726852,50.633944865770616,98.29216175513778,148.93447831597751,23.776061881645198,82.17200043395923,143.12819404272528,17.882019303049212,75.11645693209695,0.3510349462365591,0.5317898745519714,0.11717517921146954,0.6293911757361441,0.3540983608034088,0.8479202939084722,0.3125839706722759,0.9743429589560324,0.09777203948240859,0.05024299770593643,0.03476044163107872,0.18002425134181976,0.006260141264647245,0.020833535119891167,0.7440330386161804,0.02023486979305744,0.0024881514254957438,0.000977689865976572,0.042601004242897034,0.053096938878297806,0.19911251962184906,0.03699799254536629,0.06094542518258095,0.004250350873917341,0.012654931284487247,0.4698302149772644,0.03328945115208626
arman_5,armand-fernandez-dit-arman,arman,1928,1800x1518,165.47387278582931,158.44894378568293,151.76978407261015,61.54743861294744,65.0136724900924,66.10099978539498,205.72303260338924,52.239047235144184,144.15539281602972,203.8405495189913,42.510735727057664,124.15336261699115,198.64277897842445,39.97914807018711,109.44218551024764,0.6147163665641927,0.17928890352803395,0.2059947299077734,1.900890818978814,0.7087963493882029,0.7390806025660586,0.2846592283832525,0.9402564554137502,0.08109849853674211,0.021084968000650406,0.12057750672101974,0.038495469838380814,0.009794318117201328,0.010451960377395153,0.10030566900968552,0.07215616106987,0.0033106254413723946,0.0009265607804991305,0.020420275628566742,0.03151577711105347,0.19924169778823853,0.009067079052329063,0.037297140806913376,0.003109759883955121,0.024237792938947678,0.26424452662467957,0.03376270830631256
arman_6,armand-fernandez-dit-arman,arman,1928,1800x1536,99.5469603587963,76.6614109519676,64.53198061342593,44.74126923645609,54.1148155516315,53.61530102781921,156.86968317071424,62.2676152622567,107.18239581414734,152.2771841457535,30.515533516773353,80.33899510277344,141.5027795721698,20.700669885535895,61.64609772099526,0.28541087962962963,0.4837821903935185,0.23080692997685184,1.065867346578737,0.48239044364984685,0.8052585945122599,0.24157927917145686,0.9472229056128115,0.05843208173346678,0.09989959001541138,0.058166276663541794,0.4360162317752838,0.02557772397994995,0.0670144259929657,0.4489526152610779,0.08681679517030716,0.005143049173057079,0.029373111203312874,0.06586378067731857,0.08732637763023376,0.6148443818092346,0.04997270926833153,0.08891351521015167,0.016664134338498116,0.01798972301185131,0.16094599664211273,0.046042878180742264
arman_7,armand-fernandez-dit-arman,arman,1928,1775x1800,49.52417496087637,44.84324131455399,41.436911737089204,56.15100537236788,51.83957931710921,48.30679651504193,9.536663229345315,86.66726398050629,162.0046534003174,8.153170521139593,78.32829222060433,149.5514741654074,7.466890629509777,72.07424770728112,139.3050260535276,0.5935539906103287,0.2910776212832551,0.11536838810641628,2.1962359263024367,0.6721343321089482,0.7710631628660284,0.4401465642706277,0.8914079524723062,0.1937613986463681,0.015166549943387508,0.012345637194812298,0.04468584805727005,0.010243642143905163,0.023564904928207397,0.11115939915180206,0.010168269276618958,0.010508006438612938,0.032487981021404266,0.027218861505389214,0.05894831568002701,0.03262185677886009,0.03290807455778122,0.02252425067126751,0.4023088216781616,0.03014221414923668,0.0437413789331913,0.07925602793693542
arman_8,armand-fernandez-dit-arman,arman,1928,1795x1800,129.5211083255958,59.63212596719282,57.08357660167131,32.62185116987292,60.23877271908086,45.18805824166679,189.56139733020854,113.41543111333473,150.59104412827483,175.48432484877623,25.385085484925497,117.51236053095472,147.22897150969362,32.73043955929752,89.65195647148774,0.147190962550294,0.72039863819251,0.13241039925719592,0.49108872347238974,0.2811860824187772,0.8766670736774107,0.31702842376385565,0.974489534952298,0.10055930036009164,0.014304566197097301,0.0657765343785286,0.29620829224586487,0.020768210291862488,0.11111413687467575,0.5218717455863953,0.03733581677079201,0.005667925346642733,0.015706760808825493,0.01455693133175373,0.16541720926761627,0.0817408636212349,0.04020064324140549,0.017007874324917793,0.009761296212673187,0.008120755665004253,0.2597637176513672,0.042639899998903275
arman_9,armand-fernandez-dit-arman,arman,1928,792x1800,80.36306818181818,88.2157196969697,82.5841210718294,46.59965402242165,47.53617214860988,46.69057590039567,38.770781827256904,153.04080231055707,91.79970759599007,45.46196340927564,161.41241320857273,100.96594531694721,41.48743445538719,155.91192852268904,92.88664803820565,0.4622138047138047,0.21308361391694725,0.324702581369248,1.6177098177349911,0.6517156141626228,0.7546101645187288,0.22374672338290308,0.9073076464248155,0.05012483145120916,0.010764379985630512,0.010457281954586506,0.028772490099072456,0.0012457917910069227,0.003010278334841132,0.002673732815310359,0.01067220140248537,0.0008357136975973845,0.000559953332412988,0.005971349310129881,0.0037132648285478354,0.03711786866188049,0.004704852122813463,0.03211818262934685,0.0014917143853381276,0.004086250904947519,0.2750769853591919,0.5667276978492737
arp_1,jean-arp,arp,1886,1800x1351,108.67474257751459,103.07682457438933,91.2464585903446,51.732469541727916,48.623562062793276,44.48136834793333,140.46441978058505,8.485611614666865,85.10415469128,133.5158972374629,10.829552967765295,75.27307821560973,119.55144495194702,9.24450415210724,60.02594836724728,0.6829315733201744,0.18595649313265894,0.13111193354716671,0.09102335881185983,0.06247163911073267,0.9712198029595986,0.5779142054316467,0.995362558018798,0.3339931488800539,0.07308117300271988,0.05629219114780426,0.10651614516973495,0.17444682121276855,0.06840740889310837,0.03535373881459236,0.037971656769514084,0.03044780343770981,0.07749129086732864,0.05426080897450447,0.037678711116313934,0.23830194771289825,0.06145049259066582,0.16874335706233978,0.10688535869121552,0.05877649784088135,0.9348467588424683,0.14003677666187286
arp_2,jean-arp,arp,1886,1286x1800,207.05952306894764,152.58155045792293,122.0670222049421,21.59328702058907,52.5813579186091,75.41077769010604,210.81812119623558,218.05313010605562,155.55320446545386,208.93068642037326,106.40112022069735,102.76721052909551,203.81055795344375,53.26865532628305,55.98692627200218,0.45477924658717817,0.421924140314498,0.12329661309832383,0.07324694416155145,0.05096271519792546,0.9764371701827934,0.5387154363540305,0.9948404120293663,0.2902168190049845,0.0545404888689518,0.01821090839803219,0.11083826422691345,0.31705719232559204,0.04123009741306305,0.023272911086678505,0.12034173309803009,0.007076253183186054,0.00692359171807766,0.0023267141077667475,0.07465069741010666,0.13193704187870026,0.0440506711602211,0.07446738332509995,0.011154443956911564,0.0224441047757864,0.9181876182556152,0.08941549807786942
arp_3,jean-arp,arp,1886,1336x1800,133.5711988522954,106.02308965402528,68.99918579507651,43.21889429527346,30.862569458548673,41.288978168958444,109.0373683199237,171.27901662228112,77.08752167767977,80.06546908166128,127.80309334213763,125.7986935965511,38.21280970780488,80.9937954280778,153.20365416677086,0.4505039920159681,0.4478293413173653,0.10166666666666667,0.1962872343614705,0.13328075273243536,0.9378320809179792,0.35600486856657815,0.9749910929822413,0.12676834173208548,0.3193005919456482,0.1027187630534172,0.16992168128490448,0.1176658347249031,0.08604307472705841,0.0763825848698616,0.221747487783432,0.008346101269125938,0.012959123589098454,0.018838027492165565,0.05815882980823517,0.5030499696731567,0.043114665895700455,0.08320903778076172,0.050415921956300735,0.05140538141131401,0.7499407529830933,0.18498516082763672
arp_4,jean-arp,arp,1886,1624x1800,148.81626915708813,136.95976566776136,127.95975506294472,66.565741878009,64.84400525962747,62.500615228189474,202.17820331330597,53.4843845669879,158.8263589898263,192.34270997914814,48.12897862667698,134.81542314551936,182.1348134342865,44.2922141840081,121.86366462427667,0.4788782840722496,0.2901751505199781,0.2309465654077723,0.4797620932969525,0.3279286160835551,0.849662600250852,0.2695907367975551,0.9852805234628466,0.07270698585596898,0.11452768743038177,0.04649140313267708,0.35259711742401123,0.5301802754402161,0.06888976693153381,0.030176015570759773,0.22512303292751312,0.017555739730596542,0.020951291546225548,0.038588330149650574,0.06792789697647095,0.1890011429786682,0.04703603312373161,0.06876794248819351,0.027924595400691032,0.04544711112976074,0.7252891659736633,0.1326671540737152
arp_5,jean-arp,arp,1886,1383x1800,96.50580621836588,98.53893468305615,82.33561420422592,73.38174402351065,63.800700137624915,64.83787124917767,35.12526644256775,189.9064348153977,151.57311273121934,47.40496378108487,188.51875670993564,125.99050627096344,48.08307609537984,186.03040136825794,34.99874442206889,0.5601116734956214,0.26490077930425004,0.17498754720012855,0.08936988222260497,0.0666771708062324,0.9686786750549411,0.37813273848066387,0.9972182985033179,0.14299363050546915,0.203207328915596,0.061994291841983795,0.29258328676223755,0.1199660524725914,0.07018351554870605,0.05526215583086014,0.230348601937294,0.016486847773194313,0.02214767038822174,0.021475866436958313,0.10261654853820801,0.3504675030708313,0.08804462850093842,0.10398685187101364,0.023021258413791656,0.06408179551362991,0.7737675309181213,0.25161123275756836
arp_6,jean-arp,arp,1886,1355x1800,126.29578310783108,95.46127142271423,75.13551086510866,51.966983741515484,56.76838470620085,57.01613523002539,126.27192039559279,65.9788111628338,193.08483522557827,80.78019642904567,40.19846108027953,179.8304036358577,53.248689357082284,26.763423877691423,163.27130217053198,0.4296555965559656,0.2991369413694137,0.27120746207462076,0.48406673541981393,0.4006846188803959,0.8076196826497845,0.2253901148493532,0.9794269365938714,0.050848243041429986,0.1572476625442505,0.10352153331041336,0.5252410769462585,0.37730711698532104,0.15702073276042938,0.09698997437953949,0.17722417414188385,0.01523372158408165,0.026500770822167397,0.0529584176838398,0.053032178431749344,0.38888752460479736,0.12880580127239227,0.16854286193847656,0.03550657629966736,0.08144164085388184,0.20364068448543549,0.1406371295452118
arp_7,jean-arp,arp,1886,1800x1281,137.0144366380432,113.98981741694857,81.85484994362044,23.951661730892845,19.959420385031866,16.159789389614883,145.01938938955752,99.9480392418858,38.43741836346585,120.75530444637842,81.18375714880474,34.93480599312393,87.51350377059582,52.30768649216249,21.803764886689862,0.8686130627114234,0.09751452858010234,0.03387240870847428,0.08005091097544492,0.06783020551129083,0.9672298649347434,0.670586826002554,0.9758381207626574,0.4497081696172823,0.030833521857857704,0.005223551299422979,0.0732673704624176,0.0057741859927773476,0.07670405507087708,0.004106242209672928,0.018883705139160156,0.004106774460524321,0.0022681925911456347,0.00979797076433897,0.08294302970170975,0.09116219729185104,0.019825467839837074,0.020182739943265915,0.02775171771645546,0.008397625759243965,0.477192223072052,0.04157944768667221
backer_1,harriet-backer,backer,1845,1800x1280,109.72104600694445,118.16185980902777,115.362625,52.09383249797392,51.07650190283487,67.32511416275985,107.17027415558944,54.857618042334366,161.73912607919036,116.4496375558554,64.20501510102096,169.09414914541992,127.43666890437916,41.761758972554475,180.7445926542589,0.1283181423611111,0.4218090277777778,0.4498728298611111,0.1937285049256876,0.17906053952862488,0.9118957013469793,0.3307861457526766,0.9911911781242004,0.10951908366743915,0.16524015367031097,0.8095052242279053,0.21499963104724884,0.2230488359928131,0.10368439555168152,0.22515062987804413,0.10183549672365189,0.060499563813209534,0.005856072064489126,0.13171929121017456,0.026319807395339012,0.3513580858707428,0.005849933251738548,0.042652033269405365,0.0216786190867424,0.08411578834056854,0.09743689000606537,0.04092537239193916
backer_10,harriet-backer,backer,1845,1800x1572,96.33564072660447,93.8555795872208,84.08395214871359,48.7767133600747,49.464909428234776,50.0209621807503,172.16336694456027,105.3676165878717,51.59140972428333,172.6707851402214,102.4764080426402,48.09966106994186,164.0231801479395,90.293217550122,40.15766926996235,0.19253463387051173,0.39902601074356797,0.40843935538592024,0.5138000093879159,0.37216282887865687,0.8266626886274233,0.22452770612602088,0.9726958731953824,0.05046397404188716,0.17767828702926636,0.18894001841545105,0.9239984750747681,0.0507594533264637,0.07814808934926987,0.3481048047542572,0.13305942714214325,0.29812556505203247,0.48674696683883667,0.2614082396030426,0.4250856637954712,0.1665799617767334,0.03689580410718918,0.07583001255989075,0.0340501070022583,0.04928680136799812,0.3342088758945465,0.34283336997032166
backer_11,harriet-backer,backer,1845,1498x1800,33.01495772140632,52.79578215398309,57.154415146120755,38.518280177848,34.443472121468716,44.64791037039845,144.45770771397198,22.461872198999025,30.589421211880996,124.79716242391112,37.37992905278978,78.67642703738537,122.16739113571592,32.633191652202065,114.368379882493,0.07186656282450675,0.7074221183800623,0.22071131879543093,0.6499531798372615,0.4534960751522782,0.7915181510564417,0.28591065245354486,0.925736552070503,0.08181445289372925,0.8674314618110657,0.03850002586841583,0.41121283173561096,0.03352466598153114,0.19331249594688416,0.006217090412974358,0.17211680114269257,0.003427135059610009,0.01055595837533474,0.12959253787994385,0.037375252693891525,0.4479890763759613,0.007884166203439236,0.06331303715705872,0.006272978149354458,0.0144151346758008,0.5078012347221375,0.08364210277795792
backer_12,harriet-backer,backer,1845,1800x1370,140.95087793998377,120.19251581508516,108.3928901054339,46.07290922613495,47.58650827469597,49.56919435178641,188.5823892812429,86.67589205302785,150.95406745563523,177.3775428116531,64.31730432375255,124.44602868559738,169.45714185076875,55.46513362013366,107.30711706764164,0.2888913219789132,0.3235235198702352,0.3875851581508516,0.7093816526351993,0.5023978352483638,0.768417102872014,0.1950739414709352,0.9580988130219779,0.038135093729578906,0.03223366290330887,0.5731001496315002,0.6893012523651123,0.24155914783477783,0.063018798828125,0.24079211056232452,0.09471850842237473,0.023180941119790077,0.2388099879026413,0.05789561942219734,0.01844307780265808,0.175318643450737,0.007706466130912304,0.033258914947509766,0.031259357929229736,0.032605431973934174,0.4946567714214325,0.3400948941707611
backer_13,harriet-backer,backer,1845,1800x1416,130.66333647206528,113.21478617388576,88.53110326428123,43.23642372920428,44.911333616620254,43.18013095509204,188.36719068527452,139.39602462367156,84.90335948622422,177.65473402756203,119.7402860749429,65.98484662944301,149.59643049128115,92.99924073693764,45.83324453956711,0.21678907721280602,0.4265266007532957,0.3566843220338983,0.5359591822334897,0.41631719621964874,0.8031285620692731,0.21576099173117802,0.9639773226198584,0.046617556243287714,0.1290491223335266,0.4442056119441986,0.7426560521125793,0.09356260299682617,0.10483977198600769,0.21166974306106567,0.05742160603404045,0.04869094491004944,0.2017449140548706,0.298692911863327,0.058477357029914856,0.2911530137062073,0.03522166609764099,0.058781370520591736,0.03985121473670006,0.025798315182328224,0.32030409574508667,0.20683813095092773
backer_14,harriet-backer,backer,1845,1800x1504,67.0601381501182,61.06531065307328,59.944622857565015,42.419786958793956,37.31751513861012,34.26373640132947,36.82439546487181,79.02701614498687,148.9887413878139,34.275888232627224,71.15145607408084,134.87317451475843,35.481779666221044,70.6551061337275,123.8072153349544,0.5193458185579196,0.33740285165484635,0.14325132978723404,0.26650414647322906,0.25211622477572176,0.8752776229128344,0.3100627678444868,0.9767939424782901,0.09619131895735455,0.02904944308102131,0.17947185039520264,0.18746334314346313,0.010674184188246727,0.45597314834594727,0.10251714289188385,0.03890790417790413,0.004011224955320358,0.020502349361777306,0.6761526465415955,0.034750986844301224,0.11373695731163025,0.010688282549381256,0.03840690106153488,0.023408761247992516,0.06057471036911011,0.2897419035434723,0.22343754768371582
backer_15,harriet-backer,backer,1845,1425x1800,110.03605458089669,97.64263859649122,103.45181247563353,63.451624918120906,55.77479006383215,54.06746951754729,46.50242056222081,188.46604780288328,133.0917233411627,43.48385951828341,174.83510247565616,109.90802276281617,57.133888987520784,179.30873324001425,106.9073360900108,0.421316179337232,0.240741910331384,0.33794191033138404,0.43847728235964123,0.3301949086474858,0.8448470748618384,0.21455984930771047,0.9825905518334102,0.04608513600922638,0.05037857964634895,0.40716448426246643,0.8270356059074402,0.02532491274178028,0.0698087140917778,0.08726069331169128,0.18179915845394135,0.005694055929780006,0.044235631823539734,0.3870685398578644,0.05471018701791763,0.21654947102069855,0.028274644166231155,0.5718250274658203,0.01629837229847908,0.07488343864679337,0.18980222940444946,0.10557135194540024
backer_16,harriet-backer,backer,1845,1800x1163,125.19853014235215,108.78073086844368,88.3802130505398,42.85711026086379,41.5219164649322,39.02100772216726,159.55467651526322,79.40148905763292,134.06812085998723,152.3740741797896,64.50988154738937,107.3198306351293,128.15113579650185,51.67009853052778,83.66735397649983,0.3347654533295118,0.31777491162701826,0.34745963504346994,0.7296142514601336,0.5200186829667941,0.7603892931042984,0.21366859233470642,0.9331731338954922,0.04572124599087764,0.027591101825237274,0.20031845569610596,0.7418848276138306,0.00788162648677826,0.11936356127262115,0.03499119356274605,0.04243076592683792,0.04207766428589821,0.08642726391553879,0.15523990988731384,0.034862011671066284,0.2047332227230072,0.033838823437690735,0.06189119815826416,0.07044411450624466,0.033537980169057846,0.8444885611534119,0.1694185435771942
backer_17,harriet-backer,backer,1845,1800x1270,118.69756911636046,117.7979186351706,111.17916185476815,34.16273877486766,27.1177602624648,25.713459117141348,114.02525497663241,149.23024795885644,70.08210626851694,113.78241155141413,143.49910639770556,77.04672842180753,109.65200682463525,127.15341527464402,83.83977892120197,0.4172357830271216,0.38179658792650917,0.2009676290463692,0.39441722052472405,0.354658866118277,0.8266099405230494,0.2885127388820064,0.9330020084740087,0.08332256817811598,0.04428219050168991,0.5365954041481018,0.5287414789199829,0.019436495378613472,0.010519115254282951,0.04365881159901619,0.016944294795393944,0.01910080760717392,0.03960239887237549,0.22048665583133698,0.013247675262391567,0.11575371026992798,0.001097470405511558,0.009150381200015545,0.017247399315238,0.02400612272322178,0.7630730271339417,0.0156616922467947
backer_18,harriet-backer,backer,1845,1800x1443,104.97226187726187,102.82170593670594,107.39019943019943,49.33967980692383,43.27186515335574,41.06076329261186,62.323068692508954,119.48456295411205,182.1425784017377,67.62088619198543,109.22909552152234,179.07732015434007,78.48741100121136,109.76784992462657,176.5049363560655,0.44015669515669514,0.38783860783860785,0.172004697004697,0.9357590596492293,0.5622409077343485,0.7528209085348767,0.21277281736384926,0.9373410594744689,0.04557075736087486,0.18055343627929688,0.19388547539710999,0.45181092619895935,0.19510139524936676,0.06514327228069305,0.0896204262971878,0.0798317939043045,0.07014966756105423,0.05144907534122467,0.7313535213470459,0.02914736047387123,0.4369012117385864,0.004157152492552996,0.02279861830174923,0.009803835302591324,0.015669096261262894,0.26247069239616394,0.0322960764169693
backer_19,harriet-backer,backer,1845,1800x1301,56.76071526176445,53.35909812964386,42.90887992142796,42.1403551079146,37.09119953853083,34.0021844192634,91.5497847889279,33.75985678777508,161.14988222269352,77.50517584878222,34.33121845790125,153.66751526076013,55.60064005824794,28.441909123547433,136.23363006143663,0.2302229054573405,0.6932961824237766,0.07648091211888292,0.336050664308763,0.2794136118665932,0.8653905813929591,0.3521910456807393,0.9698760536289397,0.12411200521168726,0.03937467932701111,0.2862967550754547,0.8327716588973999,0.006885234732180834,0.10337474197149277,0.1070837527513504,0.08242157101631165,0.020111609250307083,0.27565309405326843,0.6653714776039124,0.08792223781347275,0.12925003468990326,0.14636406302452087,0.24148665368556976,0.04198573902249336,0.02226410061120987,0.1899087131023407,0.21916136145591736
backer_2,harriet-backer,backer,1845,1646x1800,111.61903570946401,108.4512582692048,102.12100175509653,55.154616557690375,52.198130317628795,49.23103473158308,168.82629103094177,49.87476785610057,110.98465480086927,162.3649610141157,47.59426779608534,111.47205272592109,149.2591441230961,45.99365916810019,108.72134592857908,0.38627075739165656,0.35328810584582154,0.26044113676252195,0.8982595641115454,0.5303414896265753,0.7667392889396759,0.19852343249137877,0.9579068445927102,0.03945253194612609,0.9302933812141418,0.36879849433898926,0.3888344168663025,0.09279468655586243,0.04544784873723984,0.08599463105201721,0.40962615609169006,0.0013153449399396777,0.008009749464690685,0.1964968740940094,0.07934142649173737,0.3179565668106079,0.06231230869889259,0.11280761659145355,0.024406878277659416,0.0781535655260086,0.40127241611480713,0.21640180051326752
backer_20,harriet-backer,backer,1845,1800x1453,63.75845568555479,57.90255983788331,61.59610958170834,51.44353714846493,48.714290568086334,47.69843228593739,30.9600153717401,176.80179601615396,88.31752087730166,25.743578075528568,165.34753090628342,83.29180185467328,30.57228576281399,162.9241998629026,86.98546327602236,0.5993262980805996,0.1114001682343045,0.28927353368509595,0.2950838980863181,0.2470107603982882,0.8808534641423467,0.29468668573500145,0.9841880335019112,0.08689716626819692,0.8209649920463562,0.04551194980740547,0.7062143683433533,0.021125253289937973,0.5532940626144409,0.029476670548319817,0.07578613609075546,0.013910079374909401,0.028340516611933708,0.45918765664100647,0.04376886412501335,0.1559700220823288,0.13248081505298615,0.3290697932243347,0.042673323303461075,0.015508848242461681,0.04719342291355133,0.09445971250534058
backer_21,harriet-backer,backer,1845,1800x1320,123.41189478114478,112.36852777777777,97.63557491582492,40.018647685232665,39.7091564032688,41.48659964672295,162.30828932848823,75.40905668758582,120.62354003016466,152.24146947842425,63.369246169493955,109.31302610472193,138.1881850368284,46.87990063706995,95.39799159569769,0.38755555555555554,0.29790319865319864,0.3145412457912458,0.28876290709798585,0.2766110598500645,0.8628952573488106,0.25722360228781843,0.9765403182970788,0.06627492277263235,0.3771209418773651,0.3930791914463043,0.588365912437439,0.03962523490190506,0.06056006997823715,0.3054332137107849,0.054544128477573395,0.010125827044248581,0.03067774325609207,0.3738307058811188,0.026290524750947952,0.40811964869499207,0.012009172700345516,0.03332647681236267,0.0064599355682730675,0.022168228402733803,0.5629033446311951,0.11355233192443848
backer_22,harriet-backer,backer,1845,1800x1321,128.23311338211792,112.51246908907393,95.03088022541846,35.45650049142089,36.88109457167858,52.80002778836796,91.55802505732841,147.80206667182443,142.03134526904734,72.76623853283057,154.3721572570029,110.17577649962755,55.745845545905276,163.66740562264516,69.89645030303134,0.30768693750525694,0.31514340987467404,0.37716965262006896,0.5104664507786111,0.41002979129045836,0.8047855449022933,0.24076349969812955,0.9478715796420306,0.05805772369784963,0.04024876281619072,0.3189535140991211,0.5491164326667786,0.274600625038147,0.03529131039977074,0.05844045802950859,0.039571840316057205,0.11418074369430542,0.05061981454491615,0.14994651079177856,0.01284782961010933,0.4218641221523285,0.0026702687609940767,0.03069937229156494,0.031155403703451157,0.01659553125500679,0.5583497285842896,0.015145404264330864
backer_23,harriet-backer,backer,1845,1800x1461,134.98490189368013,114.6753133318123,108.22534717469009,51.187397812886104,34.12138156113233,34.67331579915121,74.38081822377114,188.1022442191713,126.55268810430772,75.37001900099179,146.50788778540493,112.12850027931123,74.90496014399191,137.24115480761225,103.79955354678927,0.28300403072476993,0.37824815575328924,0.33874781352194083,0.4938939690726875,0.3645090152896727,0.8296619989139138,0.24413804875142514,0.9538188548879325,0.05970369587573643,0.06714311987161636,0.6662384867668152,0.7806398272514343,0.34535104036331177,0.08672532439231873,0.3166332244873047,0.09803456813097,0.0360049232840538,0.05142178013920784,0.467222660779953,0.014306550845503807,0.2912250757217407,0.010972497053444386,0.10015864670276642,0.01952536590397358,0.06345155090093613,0.3250695466995239,0.030133865773677826
backer_24,harriet-backer,backer,1845,1800x1623,82.69240056137468,78.51406243581845,79.1404651879236,52.99294666928066,52.09788989526022,46.29892425985639,99.83587175307466,43.713316478099216,183.994545266967,92.39090541377428,40.948058063143236,183.0731393485586,90.09747089026783,47.37923317961835,169.57457367504935,0.35390223865270076,0.5108451427397823,0.13525261860751694,0.42651865006608747,0.3104786055447634,0.8556676131065213,0.258661628509451,0.9792675941410243,0.06697400628710216,0.40827399492263794,0.344181090593338,0.6278443336486816,0.031107237562537193,0.4172463119029999,0.2010859102010727,0.09890498965978622,0.03220522031188011,0.174126997590065,0.32500341534614563,0.027190472930669785,0.2159334421157837,0.05195121467113495,0.13364791870117188,0.030845241621136665,0.05070951208472252,0.35489821434020996,0.06571412831544876
backer_25,harriet-backer,backer,1845,1800x1397,118.54420901932713,126.28990654577268,112.6491179511652,51.56536494660554,44.23084547744158,48.51566113361351,175.97715031980613,56.93092043818569,116.09513158391805,176.94155676684164,74.48444291443971,122.1107951835996,169.38833713676775,61.1427127130001,102.76592912519075,0.33366380338821283,0.2944022906227631,0.3719339059890241,0.839807264463977,0.48695471686889946,0.7885511902342897,0.2205476192499815,0.9493065324594211,0.04872352237871211,0.037264540791511536,0.9132275581359863,0.12003196775913239,0.2452448457479477,0.07653159648180008,0.09603413194417953,0.07014518976211548,0.02441990375518799,0.00635182112455368,0.1277492344379425,0.05581335350871086,0.12702693045139313,0.0991772711277008,0.06190076470375061,0.011393606662750244,0.12199212610721588,0.279163658618927,0.21075430512428284
backer_26,harriet-backer,backer,1845,1800x1335,103.3705214315439,90.64838410320432,80.2237898460258,59.950224367890044,61.944086264701475,63.021901279318215,104.75984989884141,205.6387519826411,50.07760640752485,83.81437317918535,204.68547239425294,40.41927631521621,67.1365713722804,198.72089524495104,34.59696819714811,0.4186475239284228,0.19439575530586767,0.3869567207657095,0.256934850451383,0.22925772672510428,0.8879782702299751,0.26417869561722646,0.9912201013144079,0.06983960917826125,0.35436296463012695,0.2239583432674408,0.40664687752723694,0.01644679717719555,0.2541521489620209,0.16583438217639923,0.07553932815790176,0.01879088021814823,0.4925163984298706,0.08567943423986435,0.05608152225613594,0.23945826292037964,0.033805932849645615,0.0647851824760437,0.03650006279349327,0.037537138909101486,0.40655848383903503,0.524337112903595
backer_27,harriet-backer,backer,1845,1800x1437,75.37456699914947,72.36280870640996,71.62556522075312,55.96665354141282,53.86071430320975,50.16999857176222,70.03121588989283,155.78457349857644,28.18729159284681,68.71802024594479,150.52394807518812,25.466395800497565,68.30403996272437,142.27968882005752,29.251136200278623,0.28780754658625224,0.27470463156266917,0.43748782185107865,0.4797023472057278,0.3511776283114757,0.8361583721639363,0.2586272182773116,0.9788073020128277,0.06695509771937863,0.08215600252151489,0.16369904577732086,0.7796476483345032,0.15014593303203583,0.6566413044929504,0.0713026151061058,0.11980633437633514,0.035868000239133835,0.11772054433822632,0.6123203635215759,0.043663572520017624,0.15122047066688538,0.017317045480012894,0.0265747532248497,0.012111012823879719,0.04746562987565994,0.4339326024055481,0.020457541570067406
backer_28,harriet-backer,backer,1845,1800x1344,111.8667121362434,116.05261615410053,102.60426669973545,47.89609376904489,41.86638263986267,43.51635227882387,171.65735975707477,60.34143078589053,118.49258842484349,170.03514755655857,71.81350854850271,120.06153286565201,160.06660111153204,57.98483310226197,104.73353669311847,0.2549611441798942,0.3450434027777778,0.39999545304232803,0.4449460889108225,0.32889182570223086,0.8463367551901992,0.2326424298979475,0.9693398127391369,0.05420328334811217,0.16955450177192688,0.5151408910751343,0.4955253005027771,0.22875432670116425,0.12295900285243988,0.41681620478630066,0.0412408784031868,0.04293077811598778,0.46098998188972473,0.06107311323285103,0.044231779873371124,0.24966642260551453,0.01765836589038372,0.5103057622909546,0.04758203774690628,0.07739470899105072,0.14515390992164612,0.09143111854791641
backer_29,harriet-backer,backer,1845,1800x1420,116.69430007824727,101.44296948356808,83.0653024256651,66.4498316845864,54.192448991123165,47.026152436509804,132.8618274440738,62.35250616435697,224.62786533697624,114.24762757473371,56.95864422177662,190.49342081681027,96.0219778326985,47.65345386744876,149.4838176374713,0.3191447574334898,0.4839346635367762,0.19692057902973395,0.3221432258698818,0.26650546326702385,0.8718844038298577,0.23291433875132317,0.9868997725613698,0.05431234701492228,0.2586899697780609,0.45537248253822327,0.5174916386604309,0.25409141182899475,0.10955560952425003,0.11577852815389633,0.16613255441188812,0.022939957678318024,0.012999179773032665,0.1959928572177887,0.025861375033855438,0.22876212000846863,0.019939614459872246,0.07476393133401871,0.02830311842262745,0.049972888082265854,0.37829071283340454,0.05408066511154175
backer_3,harriet-backer,backer,1845,1800x1657,99.47550023469456,94.65160363441292,80.59347012673507,56.68962249869245,52.12817914779269,49.94256075108874,124.21984839204399,55.34929847514601,222.31792957778933,114.77511163038483,54.674328949053326,217.01186479874508,91.21569139307928,50.02655459236289,197.1351213982477,0.4270317843492255,0.48435593106685443,0.08861228458392006,0.5476896221731096,0.4151832228732119,0.80409035551993,0.21588958710360684,0.9738409315515539,0.04665967555999612,0.23422522842884064,0.07254713773727417,0.49072492122650146,0.06503480672836304,0.0570952333509922,0.07929722219705582,0.08872947096824646,0.02672935649752617,0.35416659712791443,0.5324036478996277,0.04554359242320061,0.5507355332374573,0.01898672804236412,0.07262201607227325,0.029948821291327477,0.01713510788977146,0.5204373002052307,0.21471133828163147
backer_30,harriet-backer,backer,1845,1800x1405,126.18583827599842,127.33892328983788,107.20650138394622,45.71681134745156,44.55717518584514,58.29440966184399,121.5652444906148,171.1647087538309,73.61008804719825,119.43730659362694,172.80050063069658,76.65140746279066,73.79975162575832,172.25656291702148,51.45172052309113,0.2513708975879794,0.4146722024515619,0.3339568999604587,0.34926164142076155,0.2874803984227902,0.8622436268833482,0.2591956669514611,0.9786599810587459,0.06729833241199394,0.05463569238781929,0.9382636547088623,0.09398645162582397,0.09512662887573242,0.045610226690769196,0.11632736772298813,0.07419668883085251,0.01675250567495823,0.0021202301140874624,0.06402886658906937,0.030659273266792297,0.12725329399108887,0.02426282688975334,0.10952641814947128,0.10087860375642776,0.1924271434545517,0.10368555784225464,0.04523608088493347
backer_31,harriet-backer,backer,1845,1800x1380,106.13300161030595,111.55491706924316,121.42592190016103,54.11326344605155,50.220782552821944,48.08374540333528,112.7328137051954,61.37306451787467,188.02962610244103,125.26730496420652,64.43975115081443,185.26762305784445,135.58678778133907,76.94287455541536,188.77779128124905,0.3730962157809984,0.42417552334943637,0.20272826086956522,0.3256652045917586,0.2693501747839644,0.8706441822065181,0.24231789696625336,0.9828804973587042,0.058841498866563854,0.1388624608516693,0.5299556255340576,0.26328498125076294,0.13824975490570068,0.08003797382116318,0.19690614938735962,0.1373937726020813,0.05503072589635849,0.019486432895064354,0.5231928825378418,0.11007016897201538,0.4378480315208435,0.02609209530055523,0.04530911147594452,0.06618409603834152,0.16572900116443634,0.26674503087997437,0.04908182844519615
backer_32,harriet-backer,backer,1845,1800x1316,127.19491472475515,113.01583459979737,92.65638720027017,47.149475348555775,49.24453732857163,42.707907778845495,78.70317640999436,133.73077456580174,181.23611789316567,59.72843202527309,120.24268305843182,172.35207201262102,49.03957137250527,95.47455445906758,144.6573025474994,0.37415400202634247,0.32837343802769337,0.2974725599459642,0.35568885863560495,0.2645993719816816,0.876240649118112,0.24169558125501253,0.9796529391027681,0.05848207400644263,0.09194247424602509,0.19999299943447113,0.4676167070865631,0.16580413281917572,0.8419068455696106,0.09735863655805588,0.07155431807041168,0.02112390287220478,0.26498639583587646,0.1753750741481781,0.026739250868558884,0.23904351890087128,0.00661420077085495,0.025950603187084198,0.0367700532078743,0.03040473535656929,0.3208400011062622,0.051253244280815125
backer_33,harriet-backer,backer,1845,1800x1112,118.83906524780176,107.4774670263789,107.09612460031974,54.34804214539403,44.703276094065096,40.65203286366403,191.1199269635001,74.7956294381315,122.54445385557878,168.03914908746378,68.80293932543253,113.29345731004119,158.0214971816225,76.21780970664044,109.47353083029321,0.2589758193445244,0.44684252597921664,0.294181654676259,0.39633612965943066,0.3463371460220992,0.8317146708617974,0.24215742295802875,0.974609827184168,0.05880251381922156,0.19417916238307953,0.5043352246284485,0.9578133821487427,0.23339304327964783,0.06326442211866379,0.12894633412361145,0.1956133097410202,0.025939442217350006,0.00362227251753211,0.17714764177799225,0.04192724823951721,0.3314552903175354,0.007930504158139229,0.040541715919971466,0.012712080962955952,0.07529652118682861,0.3659772276878357,0.057507362216711044
backer_34,harriet-backer,backer,1845,1800x1452,108.02127486991124,105.26447314049587,108.28063207835935,54.58425172902578,51.82196948488293,55.804152070269055,65.54114883030363,185.1546656723019,126.57270246886537,61.07348525895678,186.00991350977586,124.24942934757544,62.18273364457922,189.63768665119682,129.8668985004703,0.49212389041934496,0.19432277318640956,0.3135533363942455,0.28640912313433975,0.22385222334328791,0.893840290709907,0.2576088693620988,0.9863328656897101,0.06639881505177403,0.05142716318368912,0.48277023434638977,0.49481403827667236,0.36814507842063904,0.075282022356987,0.4786834716796875,0.12954483926296234,0.10512462258338928,0.03530539572238922,0.5217244625091553,0.016418933868408203,0.24837827682495117,0.006110332906246185,0.008391093462705612,0.06452739238739014,0.08782301843166351,0.1671883761882782,0.030076781287789345
backer_35,harriet-backer,backer,1845,1800x1218,116.17635787265098,128.10441342820653,121.01663473818647,53.778898328937665,52.53480285390682,52.685759433564925,91.24572193269256,179.4387371866068,69.57321798063612,124.20069542539851,184.9133403304198,57.42897252985293,107.55761679552089,182.21556404730742,59.311159471794106,0.3983045977011494,0.34517013318737455,0.256525269111476,0.4027745047490832,0.3213734596103993,0.8471000068559247,0.22521522728921756,0.9801209714200966,0.05098393072584853,0.12504808604717255,0.743545651435852,0.23043492436408997,0.05255337432026863,0.38930824398994446,0.43807148933410645,0.03450224548578262,0.02424405701458454,0.009153643622994423,0.17896100878715515,0.05232730880379677,0.4997884929180145,0.032562047243118286,0.0558045394718647,0.04034050181508064,0.09140358865261078,0.22515368461608887,0.03211560845375061
backer_36,harriet-backer,backer,1845,1800x1114,125.16494963095951,122.20271942948334,109.26870636345501,49.36861106014391,45.33454627173518,48.88500359884924,130.85101725360684,191.7918885296085,76.40835235325859,121.52212816693306,188.65186846926116,79.72140248150127,104.74416245836633,180.86935494598816,67.1620503226444,0.3690105725114702,0.2474795531617794,0.38350987432675043,0.3915879251398038,0.33187377115639205,0.8397800346208738,0.23622487866950365,0.9766038013770625,0.055914941070085024,0.02985084056854248,0.9735360741615295,0.21817024052143097,0.1267126202583313,0.03859104588627815,0.14232376217842102,0.0206125620752573,0.018988829106092453,0.007869097404181957,0.08676529675722122,0.04164338484406471,0.08166152983903885,0.023874850943684578,0.3874053359031677,0.013288792222738266,0.11537051200866699,0.33027738332748413,0.08679971098899841
backer_37,harriet-backer,backer,1845,1800x1400,130.6263123015873,119.42762420634921,105.2688988095238,47.131335412223706,45.829262241641885,42.67584394626551,197.54355033579745,80.45233060220772,138.4716847709959,190.23915151294113,71.88013301111391,123.56287700302178,172.61787014222725,67.09000324946766,103.9104897312764,0.20349087301587301,0.340659126984127,0.45585,0.23600491428041911,0.1928637450985508,0.9076191544114443,0.2665095204318019,0.985274078614245,0.07109509088232027,0.11632762849330902,0.5131294131278992,0.3520655333995819,0.04220837354660034,0.20027278363704681,0.1151239201426506,0.05027080699801445,0.04452921450138092,0.21889984607696533,0.2962636947631836,0.02145969681441784,0.19974106550216675,0.007256078068166971,0.011968417093157768,0.11829876899719238,0.09638100862503052,0.26355668902397156,0.019483599811792374
backer_4,harriet-backer,backer,1845,1800x1564,62.890454319408924,49.50751598465473,50.34291098323387,40.47982914824564,27.186496843161194,24.847403720728607,80.92639672522077,34.8227003611812,156.83020455464225,60.584732974724396,32.099997238455956,108.28027216726433,52.76712829311186,40.473025549737,101.83454034211843,0.39036409491332763,0.5267060954816709,0.08292980960500142,0.47419399995730804,0.39291052413717364,0.8112098270577544,0.30897246405649464,0.9281202636599484,0.09554635342810662,0.03303394839167595,0.03703870624303818,0.5856196284294128,0.009757239371538162,0.13248193264007568,0.1822459101676941,0.035227298736572266,0.0011606961488723755,0.36378148198127747,0.4724096953868866,0.011043241247534752,0.10503086447715759,0.0038999924436211586,0.004698120057582855,0.019983142614364624,0.0018183505162596703,0.058177921921014786,0.5395379662513733
backer_5,harriet-backer,backer,1845,1800x1485,91.63655106621773,91.15936363636364,103.97524504302282,64.16275329863751,62.629830785661106,59.228519428086386,40.83929394426622,183.98889055441882,106.98605936000837,41.24111733408212,186.05873305715647,102.1347748415608,57.811418131753484,189.9313338286328,115.91498952041624,0.5124818555929667,0.24267976056864946,0.24483838383838383,0.7496855347866787,0.5200910744359283,0.7614494258894,0.20189490966222784,0.9749927201430766,0.040803326231548066,0.0654308870434761,0.11423339694738388,0.8153542280197144,0.056916337460279465,0.11831779778003693,0.13999521732330322,0.09596116095781326,0.030172113329172134,0.029858838766813278,0.6107656955718994,0.0914568230509758,0.21186944842338562,0.018258914351463318,0.06398812681436539,0.006108589004725218,0.0482843779027462,0.529998779296875,0.06747927516698837
backer_6,harriet-backer,backer,1845,1800x1427,108.78886046873784,110.48091762049366,114.01157556645643,61.089566209696606,57.418023695504985,56.08176497772305,110.9823486460903,190.12954568989235,45.348420452990304,112.07458839035094,191.7067526704836,47.938260556410334,114.6607160983412,188.451426653293,57.79297893569086,0.436867164992603,0.23924589270419683,0.3238869423032002,1.105316362623486,0.6319462243742959,0.7273300219624936,0.1718834549613325,0.9563217783210702,0.029601619105123607,0.26107779145240784,0.320252388715744,0.579791247844696,0.12789015471935272,0.051360514014959335,0.03374139592051506,0.051784761250019073,0.027635246515274048,0.03231944143772125,0.24070200324058533,0.07739777117967606,0.33896803855895996,0.01497653778642416,0.141811802983284,0.023973410949110985,0.06409449875354767,0.6477588415145874,0.21735849976539612
backer_7,harriet-backer,backer,1845,1584x1800,109.0802904040404,105.66951879910214,115.63387415824916,55.22541887203544,52.94710975802719,54.93710890674932,178.32678930573758,109.99694029550753,59.65146771209036,174.32599129541168,108.8635262423205,54.770833555435715,187.34903007622674,116.49756928838855,64.51376390266921,0.2772138047138047,0.3266172138047138,0.3961689814814815,0.5011731278987495,0.3934304825557273,0.8135201683101951,0.20411860493895212,0.9762174661759813,0.04171666583103153,0.14489994943141937,0.5755472183227539,0.932244062423706,0.13667216897010803,0.013893849216401577,0.056705351918935776,0.2027028352022171,0.005445955321192741,0.011602950282394886,0.03907663747668266,0.045309148728847504,0.3206747770309448,0.06421356648206711,0.3689267039299011,0.005364411510527134,0.0554063580930233,0.6585994362831116,0.1690710335969925
